MethodType,OverCollatDollar,UnderCollatDollar,OverCollatBids,UnderCollatBids
CreditRequired,-80512745.60612284,29065515.72657752,16366,4545
CreditRequiredStats05,-35545412.73743675,38112052.75430876,12684,5918
CreditRequiredStats02,-41092204.375834234,37258708.66671459,13279,5655
