MethodType,OverCollatDollar,UnderCollatDollar,OverCollatBids,UnderCollatBids
CreditRequired,-66079332.63401631,25366165.45154596,13371,3865
CreditRequiredStats05,-26540547.50098247,34104080.315951996,10137,5138
CreditRequiredStats02,-31409622.840978038,33282805.554799832,10704,4887
